{
    "plddts": {
        "model_1": 83.79982520237998,
        "model_2": 83.5280530764858,
        "model_3": 84.85224483321034,
        "model_4": 84.13505098112444,
        "model_5": 84.32742779453707
    },
    "order": [
        "model_3",
        "model_5",
        "model_4",
        "model_1",
        "model_2"
    ]
}