{
    "plddts": {
        "model_1": 93.34992028450618,
        "model_2": 93.22080366361908,
        "model_3": 93.11688024541928,
        "model_4": 92.9689288573034,
        "model_5": 92.30537411322315
    },
    "order": [
        "model_1",
        "model_2",
        "model_3",
        "model_4",
        "model_5"
    ]
}