{
    "plddts": {
        "model_1": 88.1121318645415,
        "model_2": 87.36240130300455,
        "model_3": 85.6669763337647,
        "model_4": 86.99074422658452,
        "model_5": 86.09861660857557
    },
    "order": [
        "model_1",
        "model_2",
        "model_4",
        "model_5",
        "model_3"
    ]
}