{
    "plddts": {
        "model_1": 89.4581416929516,
        "model_2": 89.62019947551008,
        "model_3": 90.67316269118423,
        "model_4": 90.15466385066732,
        "model_5": 89.78896859115157
    },
    "order": [
        "model_3",
        "model_4",
        "model_5",
        "model_2",
        "model_1"
    ]
}