{
    "plddts": {
        "model_1": 87.65046427161806,
        "model_2": 87.73582756474063,
        "model_3": 86.8411104267872,
        "model_4": 86.3621203641044,
        "model_5": 86.29319105529349
    },
    "order": [
        "model_2",
        "model_1",
        "model_3",
        "model_4",
        "model_5"
    ]
}